scenario,n,policy,slots,time_s,lower_bound_with_memory_s,source_gb,peer_gb,peak_total_gbps,modeled_cluster_dram_read_and_write_GB
U50_C8_F2000,50,single,50,140.00002,140.0,6999.999999999992,0.0,50.0,14000.0
U50_C8_F2000,50,p2p,1,3.69580109487498,3.5,140.00000000008555,6859.999999967251,2000.0000000000005,14000.0
U50_C8_F2000,50,p2p,50,15.050999999999991,3.5,140.00000000001276,6860.0000000350265,600.0,14000.0
U50_C8_F2000,100,single,100,280.00002,280.0,14000.000000000007,0.0,50.0,28000.0
U50_C8_F2000,100,p2p,1,7.195916849963765,7.0,139.9999999999079,13860.00000089286,2000.000000000001,28000.0
U50_C8_F2000,100,p2p,100,52.301999999999936,7.0,140.00000000000367,13859.999999998756,300.0,28000.0
U200_C8_F2000,50,single,50,35.00002,35.0,7000.000000000001,0.0,200.0,14000.0
U200_C8_F2000,50,p2p,1,3.5219404602840325,3.5,139.99999999998101,6859.999999820957,2000.0000000000005,14000.0
U200_C8_F2000,50,p2p,50,5.195698660714277,3.5,139.99999999999312,6860.000000032623,1720.3200000000002,14000.0
U200_C8_F2000,100,single,100,70.00002,70.0,13999.999999999969,0.0,200.0,28000.0
U200_C8_F2000,100,p2p,1,7.021974157761858,7.0,139.9999999999683,13860.000001128039,2000.000000000001,28000.0
U200_C8_F2000,100,p2p,100,18.128894883618983,7.0,140.00000000000153,13860.000000057924,860.1600000000001,28000.0
U1000_C8_F2000,50,single,50,24.41408250000023,24.414062499999996,6999.999999999993,0.0,286.72,14000.0
U1000_C8_F2000,50,p2p,1,3.5211782630684296,3.5,139.99999999998175,6859.999999816517,2000.0000000000005,14000.0
U1000_C8_F2000,50,p2p,50,5.162820357142849,3.5,139.9999999999931,6860.000000032556,1720.3200000000002,14000.0
U1000_C8_F2000,100,single,100,48.82814500000046,48.82812499999999,14000.00000000003,0.0,286.72000000000014,28000.0
U1000_C8_F2000,100,p2p,1,7.021210018811836,7.0,139.99999999996882,13860.00000116051,2000.000000000001,28000.0
U1000_C8_F2000,100,p2p,100,18.068399583333264,7.0,140.0000000000019,13860.000000057638,860.1600000000001,28000.0
U1000_C16_F2000,50,single,50,12.207051250000115,12.207031249999998,7000.000000000002,0.0,573.44,14000.0
U1000_C16_F2000,50,p2p,1,3.5045115313017288,3.5,139.99999999997692,6859.999999796489,2000.0000000000005,14000.0
U1000_C16_F2000,50,p2p,50,3.7171691313296606,3.5,139.99999999999727,6859.999999982311,2000.0000000000005,14000.0
U1000_C16_F2000,100,single,100,24.41408250000023,24.414062499999996,13999.99999999999,0.0,573.4400000000003,28000.0
U1000_C16_F2000,100,p2p,1,7.004512706371312,7.0,139.99999999997326,13860.000001227461,2000.000000000001,28000.0
U1000_C16_F2000,100,p2p,100,9.035196458333315,7.0,140.0000000000003,13859.999999953145,1720.3200000000002,28000.0
fabric_constrained,50,single,50,140.00002,140.0,6999.999999999992,0.0,50.0,14000.0
fabric_constrained,50,p2p,1,140.00002443464805,140.0,140.00000000000838,6860.000000134369,50.00000000000002,14000.0
fabric_constrained,100,single,100,280.00002,280.0,14000.000000000007,0.0,50.0,28000.0
fabric_constrained,100,p2p,1,280.0000240332998,280.0,140.0000000000053,13859.9999991911,50.00000000000002,28000.0
service_reserves_dram,50,single,50,233.33335333333153,233.33333333333334,6999.999999999992,0.0,30.000000000000004,14000.0
service_reserves_dram,50,p2p,1,10.134333333337231,9.333333333333334,139.9999999999212,6859.999999890653,750.0,14000.0
service_reserves_dram,100,single,100,466.66668666666305,466.6666666666667,14000.0,0.0,29.999999999999996,28000.0
service_reserves_dram,100,p2p,1,10.968666666674618,9.333333333333334,139.9999999998449,13859.99999898125,1500.0,28000.0
