group,label,n,size_gb,chunk_gb,policy,seeds,source_gbps,down_gbps,peer_up_gbps,sink_gbps,memory_gbps,fabric_gbps,rack_gbps,rack_size,ordering,hop_delay_s,slots,root_mode,random_seed,slow_factor,source_memory_gbps,time_s,p50_s,p95_s,min_s,lower_bound_s,source_gb,peer_gb,cross_rack_gb,peak_source_gbps,peak_total_gbps,events,chunks,final_client_cache_gb,wall_seconds
chunks,chunk_0.015625,100,140.0,0.015625,p2p,1,10.0,10.0,10.0,1000000000.0,1000000000.0,1000000000.0,1000000000.0,10,local,2e-05,1,fixed,0,1.0,1000000000.0,14.156687500068443,14.078353750068462,14.148854125068445,14.000020000068483,14.0,139.99999999990965,13860.000020267931,1399.999999850848,10.0,1000.0,905058,8960,14000.0,143.629454917
chunks,chunk_0.0625,100,140.0,0.0625,p2p,1,10.0,10.0,10.0,1000000000.0,1000000000.0,1000000000.0,1000000000.0,10,local,2e-05,1,fixed,0,1.0,1000000000.0,14.620750000020667,14.310385000020723,14.589713500020673,14.000020000020777,14.0,140.00000000014063,13860.00000612239,1399.9999999409135,10.0,1000.0,226338,2240,14000.0,36.087410166
chunks,chunk_0.25,100,140.0,0.25,p2p,1,10.0,10.0,10.0,1000000000.0,1000000000.0,1000000000.0,1000000000.0,10,local,2e-05,1,fixed,0,1.0,1000000000.0,16.47700000000415,15.238510000004204,16.35315100000416,14.000020000004223,14.0,140.00000000004303,13860.00000147864,1399.999999985743,10.0,1000.0,56658,560,14000.0,8.730953749999998
chunks,chunk_1,100,140.0,1.0,p2p,1,10.0,10.0,10.0,1000000000.0,1000000000.0,1000000000.0,1000000000.0,10,local,2e-05,1,fixed,0,1.0,1000000000.0,23.902000000000257,18.951010000000224,23.406901000000254,14.000020000000225,14.0,140.00000000001813,13860.000000318307,1399.999999997108,10.0,1000.0,14238,140,14000.0,1.8492896249999973
chunks,chunk_140,100,140.0,140.0,p2p,1,10.0,10.0,10.0,1000000000.0,1000000000.0,1000000000.0,1000000000.0,10,local,2e-05,1,fixed,0,1.0,1000000000.0,1400.001999999997,707.0010099999995,1330.7019009999972,14.00002,14.0,140.0,13860.0,1400.0,10.0,10.0,100,1,14000.0,0.0036671250000068767
chunks,chunk_4,100,140.0,4.0,p2p,1,10.0,10.0,10.0,1000000000.0,1000000000.0,1000000000.0,1000000000.0,10,local,2e-05,1,fixed,0,1.0,1000000000.0,53.60199999999981,33.80100999999992,51.62190099999982,14.000020000000019,14.0,140.00000000000145,13860.000000030317,1399.99999999974,10.0,350.0,3633,35,14000.0,0.252571875000001
counterexample,source2000_p2p,100,140.0,0.25,p2p,1,2000.0,10.0,10.0,1000000000.0,1000000000.0,1000000000.0,1000000000.0,10,local,2e-05,1,fixed,0,1.0,1000000000.0,16.47700000000415,15.238510000004204,16.35315100000416,14.000020000004223,14.0,140.00000000004303,13860.00000147864,1399.999999985743,10.0,1000.0,56658,560,14000.0,9.0672635
counterexample,source2000_single,100,140.0,0.25,single,1,2000.0,10.0,10.0,1000000000.0,1000000000.0,1000000000.0,1000000000.0,10,local,2e-05,100,fixed,0,1.0,1000000000.0,14.00002000000013,14.00002000000013,14.00002000000013,14.00002000000013,14.0,13999.999999999996,0.0,13999.999999999996,1000.0,1000.0,1119,560,14000.0,0.29130091600000085
counterexample,source200_peer1_p2p,100,140.0,0.25,p2p,1,200.0,10.0,1.0,1000000000.0,1000000000.0,1000000000.0,1000000000.0,10,local,2e-05,1,fixed,0,1.0,1000000000.0,164.52700000024225,152.15101000023324,163.28940100024215,14.00002000000016,46.666666666666664,140.00000000000335,13859.999999547064,1399.9999999841539,10.0,99.0,57162,560,14000.0,9.094335667
delay,delay_0,100,140.0,0.25,p2p,1,10.0,10.0,10.0,1000000000.0,1000000000.0,1000000000.0,1000000000.0,10,local,0.0,1,fixed,0,1.0,1000000000.0,16.475000000000133,15.23750000000015,16.35125000000014,14.000000000000131,14.0,140.0,13860.0,1400.0,10.0,1000.0,659,560,14000.0,0.18916037499998595
delay,delay_0.001,100,140.0,0.25,p2p,1,10.0,10.0,10.0,1000000000.0,1000000000.0,1000000000.0,1000000000.0,10,local,0.001,1,fixed,0,1.0,1000000000.0,16.574999999993747,15.28799999999455,16.44629999999377,14.000999999995264,14.0,139.99999999994682,13860.00000025557,1399.9999999988736,10.0,1000.0,15998,560,14000.0,2.387177749999992
delay,delay_0.01,100,140.0,0.25,p2p,1,10.0,10.0,10.0,1000000000.0,1000000000.0,1000000000.0,1000000000.0,10,local,0.01,1,fixed,0,1.0,1000000000.0,17.474999999999614,15.742499999999705,17.30174999999963,14.009999999999742,14.0,139.9999999999932,13859.999999938575,1399.999999999276,10.0,1000.0,3474,560,14000.0,0.5669587919999941
delay,delay_2e-05,100,140.0,0.25,p2p,1,10.0,10.0,10.0,1000000000.0,1000000000.0,1000000000.0,1000000000.0,10,local,2e-05,1,fixed,0,1.0,1000000000.0,16.47700000000415,15.238510000004204,16.35315100000416,14.000020000004223,14.0,140.00000000004303,13860.00000147864,1399.999999985743,10.0,1000.0,56658,560,14000.0,8.744094333999996
limits,fabric_100_p2p,100,140.0,0.25,p2p,1,10.0,10.0,10.0,1000000000.0,1000000000.0,100.0,1000000000.0,10,local,2e-05,1,fixed,0,1.0,1000000000.0,140.2252793243235,136.98717615497839,140.10143032432345,127.73300318150278,140.0,140.00000000003632,13859.99999945636,1399.9999999833785,10.0,100.00000000000004,111903,560,14000.0,16.827486291
limits,fabric_100_single,100,140.0,0.25,single,1,10.0,10.0,10.0,1000000000.0,1000000000.0,100.0,1000000000.0,10,local,2e-05,1,fixed,0,1.0,1000000000.0,1400.0000200007103,1398.7625200007058,1399.8762700007098,1397.5250200007013,1400.0,14000.0,0.0,14000.0,10.0,10.0,111999,560,14000.0,3.4569353750000005
limits,fabric_10_p2p,100,140.0,0.25,p2p,1,10.0,10.0,10.0,1000000000.0,1000000000.0,10.0,1000000000.0,10,local,2e-05,1,fixed,0,1.0,1000000000.0,1400.0000240346014,1368.7495861547368,1399.6312357356285,1276.2416452447521,1400.0,140.00000000001992,13860.000001060349,1399.9999999981305,10.0,10.000000000000005,111947,560,14000.0,16.811913957999998
limits,fabric_10_single,100,140.0,0.25,single,1,10.0,10.0,10.0,1000000000.0,1000000000.0,10.0,1000000000.0,10,local,2e-05,1,fixed,0,1.0,1000000000.0,1400.0000200007103,1398.7625200007058,1399.8762700007098,1397.5250200007013,1400.0,14000.0,0.0,14000.0,10.0,10.0,111999,560,14000.0,3.480444834
limits,fabric_400_p2p,100,140.0,0.25,p2p,1,10.0,10.0,10.0,1000000000.0,1000000000.0,400.0,1000000000.0,10,local,2e-05,1,fixed,0,1.0,1000000000.0,35.97591684995252,34.7062261549347,35.852067849952526,32.391952331030176,35.0,139.99999999995248,13859.999999436119,1400.0000000103162,10.0,400.00000000000017,111168,560,14000.0,16.843124458
limits,fabric_400_single,100,140.0,0.25,single,1,10.0,10.0,10.0,1000000000.0,1000000000.0,400.0,1000000000.0,10,local,2e-05,1,fixed,0,1.0,1000000000.0,1400.0000200007103,1398.7625200007058,1399.8762700007098,1397.5250200007013,1400.0,14000.0,0.0,14000.0,10.0,10.0,111999,560,14000.0,3.453835667
limits,fast_source_200_p2p,100,140.0,0.25,p2p,1,200.0,10.0,10.0,1000000000.0,1000000000.0,1000000000.0,1000000000.0,10,local,2e-05,100,fixed,0,1.0,1000000000.0,261.50200000000035,137.75101000000006,249.12690100000034,14.00002,14.0,139.9999999999997,13860.000000059106,1399.9999999996787,9.999999999999998,60.0,803,560,14000.0,0.6149429580000003
limits,fast_source_200_single,100,140.0,0.25,single,1,200.0,10.0,10.0,1000000000.0,1000000000.0,1000000000.0,1000000000.0,10,local,2e-05,100,fixed,0,1.0,1000000000.0,70.00002,70.00002,70.00002,70.00002,70.0,13999.999999999969,0.0,13999.999999999969,200.0,200.0,1119,560,14000.0,0.2738404999999986
limits,memory_10_p2p,100,140.0,0.25,p2p,1,10.0,10.0,10.0,1000000000.0,10.0,1000000000.0,1000000000.0,10,local,2e-05,1,fixed,0,1.0,1000000000.0,32.90200000000038,30.451010000000444,32.6794010000004,27.975000000000446,14.0,140.0000000002147,13859.999999007428,1399.9999999905344,10.0,500.0,57217,560,14000.0,8.858634208000002
limits,memory_10_single,100,140.0,0.25,single,1,10.0,10.0,10.0,1000000000.0,10.0,1000000000.0,1000000000.0,10,local,2e-05,1,fixed,0,1.0,1000000000.0,1400.0000200007103,1398.7625200007058,1399.8762700007098,1397.5250200007013,1400.0,14000.0,0.0,14000.0,10.0,10.0,111999,560,14000.0,3.4637355419999984
limits,peer_upload_1_p2p,100,140.0,0.25,p2p,1,10.0,10.0,1.0,1000000000.0,1000000000.0,1000000000.0,1000000000.0,10,local,2e-05,1,fixed,0,1.0,1000000000.0,164.52700000024225,152.15101000023324,163.28940100024215,14.00002000000016,127.27272727272727,140.00000000000335,13859.999999547064,1399.9999999841539,10.0,99.0,57162,560,14000.0,8.502417583
limits,peer_upload_1_single,100,140.0,0.25,single,1,10.0,10.0,1.0,1000000000.0,1000000000.0,1000000000.0,1000000000.0,10,local,2e-05,1,fixed,0,1.0,1000000000.0,1400.0000200007103,1398.7625200007058,1399.8762700007098,1397.5250200007013,1400.0,14000.0,0.0,14000.0,10.0,10.0,111999,560,14000.0,3.454287375
limits,rack_2_local_p2p,100,140.0,0.25,p2p,1,10.0,10.0,10.0,1000000000.0,1000000000.0,1000000000.0,2.0,10,local,2e-05,1,fixed,0,1.0,1000000000.0,73.3770000000056,71.68851000000518,73.25315100000553,70.00002000000484,14.0,140.00000000000966,13860.000000328926,1399.999999989754,2.0,210.0,106964,560,14000.0,8.623316166000002
limits,rack_2_local_single,100,140.0,0.25,single,1,10.0,10.0,10.0,1000000000.0,1000000000.0,1000000000.0,2.0,10,local,2e-05,1,fixed,0,1.0,1000000000.0,7000.00002,6993.81252,6999.381270000001,6987.62502,1400.0,14000.0,0.0,14000.0,2.0,2.0,111999,560,14000.0,3.469452375000003
limits,rack_2_random_p2p,100,140.0,0.25,p2p,1,10.0,10.0,10.0,1000000000.0,1000000000.0,1000000000.0,2.0,10,random,2e-05,1,fixed,42,1.0,1000000000.0,731.4407156528513,710.1672964379663,730.2541114594436,653.1077168128489,14.0,140.00000000008603,13860.000000023138,13300.000000060343,2.0,39.999999999999986,108248,560,14000.0,26.944106292
limits,rack_2_random_single,100,140.0,0.25,single,1,10.0,10.0,10.0,1000000000.0,1000000000.0,1000000000.0,2.0,10,random,2e-05,1,fixed,42,1.0,1000000000.0,7000.00002,6993.81252,6999.381270000001,6987.62502,1400.0,14000.0,0.0,14000.0,2.0,2.0,111999,560,14000.0,3.4579701249999957
limits,sink_1_p2p,100,140.0,0.25,p2p,1,10.0,10.0,10.0,1.0,1000000000.0,1000000000.0,1000000000.0,10,local,2e-05,1,fixed,0,1.0,1000000000.0,164.75200000025148,152.37601000024247,163.51440100025138,140.00002000021604,140.0,140.00000000021603,13859.999999529318,1399.999999984157,1.0,100.0,56658,560,14000.0,8.525105458000002
limits,sink_1_single,100,140.0,0.25,single,1,10.0,10.0,10.0,1.0,1000000000.0,1000000000.0,1000000000.0,10,local,2e-05,1,fixed,0,1.0,1000000000.0,14000.00002,13987.62502,13998.76252,13975.25002,1400.0,14000.0,0.0,14000.0,1.0,1.0,111999,560,14000.0,3.4182470830000007
limits,slow_peer_0.1_p2p,100,140.0,0.25,p2p,1,10.0,10.0,10.0,1000000000.0,1000000000.0,1000000000.0,1000000000.0,10,local,2e-05,1,fixed,0,0.1,1000000000.0,142.7020000000152,141.4635100000146,142.57815100001514,140.00002000001396,140.0,140.00000000001396,13860.00000006104,1399.9999999994418,1.0,102.0,111431,560,14000.0,6.488999833000001
limits,slow_peer_0.1_single,100,140.0,0.25,single,1,10.0,10.0,10.0,1000000000.0,1000000000.0,1000000000.0,1000000000.0,10,local,2e-05,1,fixed,0,0.1,1000000000.0,1526.0000200010618,1524.7625200010573,1525.8762700010614,1523.5250200010528,1400.0,14000.0,0.0,14000.0,10.0,10.0,111999,560,14000.0,3.4524727499999983
limits_wide,fabric_100_single_wide,100,140.0,0.25,single,1,10.0,10.0,10.0,1000000000.0,1000000000.0,100.0,1000000000.0,10,local,2e-05,100,fixed,0,1.0,1000000000.0,1400.00002,1400.00002,1400.00002,1400.00002,1400.0,13999.999999999976,0.0,13999.999999999976,9.99999999999998,9.999999999999998,1119,560,14000.0,0.41060162499999997
limits_wide,fabric_10_single_wide,100,140.0,0.25,single,1,10.0,10.0,10.0,1000000000.0,1000000000.0,10.0,1000000000.0,10,local,2e-05,100,fixed,0,1.0,1000000000.0,1400.00002,1400.00002,1400.00002,1400.00002,1400.0,13999.999999999976,0.0,13999.999999999976,9.99999999999998,9.999999999999998,1119,560,14000.0,0.42321354200000005
limits_wide,fabric_400_single_wide,100,140.0,0.25,single,1,10.0,10.0,10.0,1000000000.0,1000000000.0,400.0,1000000000.0,10,local,2e-05,100,fixed,0,1.0,1000000000.0,1400.00002,1400.00002,1400.00002,1400.00002,1400.0,13999.999999999976,0.0,13999.999999999976,9.99999999999998,9.999999999999998,1119,560,14000.0,0.3890437499999999
limits_wide,fast_source_200_single_wide,100,140.0,0.25,single,1,200.0,10.0,10.0,1000000000.0,1000000000.0,1000000000.0,1000000000.0,10,local,2e-05,100,fixed,0,1.0,1000000000.0,70.00002,70.00002,70.00002,70.00002,70.0,13999.999999999969,0.0,13999.999999999969,200.0,200.0,1119,560,14000.0,0.27676716700000004
limits_wide,memory_10_single_wide,100,140.0,0.25,single,1,10.0,10.0,10.0,1000000000.0,10.0,1000000000.0,1000000000.0,10,local,2e-05,100,fixed,0,1.0,1000000000.0,1400.00002,1400.00002,1400.00002,1400.00002,1400.0,13999.999999999976,0.0,13999.999999999976,9.99999999999998,9.999999999999998,1119,560,14000.0,0.27821537500000004
limits_wide,peer_upload_1_single_wide,100,140.0,0.25,single,1,10.0,10.0,1.0,1000000000.0,1000000000.0,1000000000.0,1000000000.0,10,local,2e-05,100,fixed,0,1.0,1000000000.0,1400.00002,1400.00002,1400.00002,1400.00002,1400.0,13999.999999999976,0.0,13999.999999999976,9.99999999999998,9.999999999999998,1119,560,14000.0,0.2759175829999999
limits_wide,rack_2_local_single_wide,100,140.0,0.25,single,1,10.0,10.0,10.0,1000000000.0,1000000000.0,1000000000.0,2.0,10,local,2e-05,100,fixed,0,1.0,1000000000.0,7000.00002,7000.00002,7000.00002,7000.00002,1400.0,14000.000000000025,0.0,14000.000000000025,2.0000000000000013,1.9999999999999998,1119,560,14000.0,0.2703211670000001
limits_wide,rack_2_random_single_wide,100,140.0,0.25,single,1,10.0,10.0,10.0,1000000000.0,1000000000.0,1000000000.0,2.0,10,random,2e-05,100,fixed,42,1.0,1000000000.0,7000.00002,7000.00002,7000.00002,7000.00002,1400.0,14000.000000000025,0.0,14000.000000000025,2.0000000000000013,1.9999999999999998,1119,560,14000.0,0.28371987499999995
limits_wide,sink_1_single_wide,100,140.0,0.25,single,1,10.0,10.0,10.0,1.0,1000000000.0,1000000000.0,1000000000.0,10,local,2e-05,100,fixed,0,1.0,1000000000.0,1400.00002,1400.00002,1400.00002,1400.00002,1400.0,13999.999999999976,0.0,13999.999999999976,9.99999999999998,9.999999999999998,1119,560,14000.0,0.365428125
limits_wide,slow_peer_0.1_single_wide,100,140.0,0.25,single,1,10.0,10.0,10.0,1000000000.0,1000000000.0,1000000000.0,1000000000.0,10,local,2e-05,100,fixed,0,0.1,1000000000.0,1400.00002,1400.00002,1400.00002,1400.00002,1400.0,13999.999999999976,0.0,13999.999999999976,9.99999999999998,9.999999999999998,1119,560,14000.0,0.27449220899999993
policy,rotating_slots4,100,140.0,1.0,p2p,1,10.0,10.0,10.0,1000000000.0,1000000000.0,1000000000.0,1000000000.0,10,local,2e-05,4,rotating,0,1.0,1000000000.0,34.82622435931272,32.49354499919976,34.53208614795408,28.229734129050186,14.0,140.0000000000055,13859.999999918804,1525.9999999986026,10.0,690.0,27655,140,14000.0,6.440098958000007
scale,B10_N100_multi4,100,140.0,0.25,multi,4,10.0,10.0,10.0,1000000000.0,1000000000.0,1000000000.0,1000000000.0,10,local,2e-05,1,fixed,0,1.0,1000000000.0,350.00001999995555,349.7000199999558,349.9750199999556,349.4000199999561,350.0,14000.0,0.0,14000.0,40.0,40.0,27999,560,14000.0,1.053951916
scale,B10_N100_multi8,100,140.0,0.25,multi,8,10.0,10.0,10.0,1000000000.0,1000000000.0,1000000000.0,1000000000.0,10,local,2e-05,1,fixed,0,1.0,1000000000.0,182.00002000002425,181.70002000002418,181.97502000002424,167.725020000021,175.0,14000.0,0.0,14000.0,80.0,80.0,14559,560,14000.0,0.6824952080000002
scale,B10_N100_p2p1,100,140.0,0.25,p2p,1,10.0,10.0,10.0,1000000000.0,1000000000.0,1000000000.0,1000000000.0,10,local,2e-05,1,fixed,0,1.0,1000000000.0,16.47700000000415,15.238510000004204,16.35315100000416,14.000020000004223,14.0,140.00000000004303,13860.00000147864,1399.999999985743,10.0,1000.0,56658,560,14000.0,8.705679375
scale,B10_N100_single1,100,140.0,0.25,single,1,10.0,10.0,10.0,1000000000.0,1000000000.0,1000000000.0,1000000000.0,10,local,2e-05,1,fixed,0,1.0,1000000000.0,1400.0000200007103,1398.7625200007058,1399.8762700007098,1397.5250200007013,1400.0,14000.0,0.0,14000.0,10.0,10.0,111999,560,14000.0,3.458856708
scale,B10_N16_multi4,16,140.0,0.25,multi,4,10.0,10.0,10.0,1000000000.0,1000000000.0,1000000000.0,1000000000.0,10,local,2e-05,1,fixed,0,1.0,1000000000.0,56.00001999999789,55.962519999997895,56.00001999999789,55.92501999999789,56.0,2240.0,0.0,2240.0,40.0,40.0,4479,560,2240.0,0.155416375
scale,B10_N16_multi8,16,140.0,0.25,multi,8,10.0,10.0,10.0,1000000000.0,1000000000.0,1000000000.0,1000000000.0,10,local,2e-05,1,fixed,0,1.0,1000000000.0,28.000019999999477,27.987519999999478,28.000019999999477,27.97501999999948,28.0,2240.0,0.0,2240.0,80.0,80.0,2239,560,2240.0,0.098144334
scale,B10_N16_p2p1,16,140.0,0.25,p2p,1,10.0,10.0,10.0,1000000000.0,1000000000.0,1000000000.0,1000000000.0,10,local,2e-05,1,fixed,0,1.0,1000000000.0,14.375320000000807,14.18767000000081,14.356555000000807,14.000020000000813,14.0,140.00000000000597,2099.999999995636,280.0000000000996,10.0,160.0,9534,560,2240.0,0.4590010830000001
scale,B10_N16_single1,16,140.0,0.25,single,1,10.0,10.0,10.0,1000000000.0,1000000000.0,1000000000.0,1000000000.0,10,local,2e-05,1,fixed,0,1.0,1000000000.0,224.0000200000338,223.81252000003377,223.9812700000338,223.62502000003371,224.0,2240.0,0.0,2240.0,10.0,10.0,17919,560,2240.0,0.5004561670000001
scale,B10_N1_p2p1,1,140.0,0.25,p2p,1,10.0,10.0,10.0,1000000000.0,1000000000.0,1000000000.0,1000000000.0,10,local,2e-05,1,fixed,0,1.0,1000000000.0,14.00002000000013,14.00002000000013,14.00002000000013,14.00002000000013,14.0,140.0,0.0,140.0,10.0,10.0,1119,560,140.0,0.189236166
scale,B10_N1_single1,1,140.0,0.25,single,1,10.0,10.0,10.0,1000000000.0,1000000000.0,1000000000.0,1000000000.0,10,local,2e-05,1,fixed,0,1.0,1000000000.0,14.00002000000013,14.00002000000013,14.00002000000013,14.00002000000013,14.0,140.0,0.0,140.0,10.0,10.0,1119,560,140.0,0.15133879099999997
scale,B10_N32_multi4,32,140.0,0.25,multi,4,10.0,10.0,10.0,1000000000.0,1000000000.0,1000000000.0,1000000000.0,10,local,2e-05,1,fixed,0,1.0,1000000000.0,112.00002000000835,111.91252000000833,112.00002000000835,111.82502000000831,112.0,4480.0,0.0,4480.0,40.0,40.0,8959,560,4480.0,0.31282558299999996
scale,B10_N32_multi8,32,140.0,0.25,multi,8,10.0,10.0,10.0,1000000000.0,1000000000.0,1000000000.0,1000000000.0,10,local,2e-05,1,fixed,0,1.0,1000000000.0,56.00001999999789,55.962519999997895,56.00001999999789,55.92501999999789,56.0,4480.0,0.0,4480.0,80.0,80.0,4479,560,4480.0,0.20378399999999997
scale,B10_N32_p2p1,32,140.0,0.25,p2p,1,10.0,10.0,10.0,1000000000.0,1000000000.0,1000000000.0,1000000000.0,10,local,2e-05,1,fixed,0,1.0,1000000000.0,14.775640000001653,14.38783000000166,14.736859000001653,14.000020000001665,14.0,140.000000000012,4339.999999989882,560.0000000002569,10.0,320.0,18510,560,4480.0,1.2717213330000001
scale,B10_N32_single1,32,140.0,0.25,single,1,10.0,10.0,10.0,1000000000.0,1000000000.0,1000000000.0,1000000000.0,10,local,2e-05,1,fixed,0,1.0,1000000000.0,448.0000199998664,447.6125199998668,447.96126999986643,447.22501999986713,448.0,4480.0,0.0,4480.0,10.0,10.0,35839,560,4480.0,1.0125528750000001
scale,B10_N50_multi4,50,140.0,0.25,multi,4,10.0,10.0,10.0,1000000000.0,1000000000.0,1000000000.0,1000000000.0,10,local,2e-05,1,fixed,0,1.0,1000000000.0,182.00002000002425,181.70002000002418,181.97502000002424,167.725020000021,175.0,7000.0,0.0,7000.0,40.0,40.0,14559,560,7000.0,0.5311970830000001
scale,B10_N50_multi8,50,140.0,0.25,multi,8,10.0,10.0,10.0,1000000000.0,1000000000.0,1000000000.0,1000000000.0,10,local,2e-05,1,fixed,0,1.0,1000000000.0,98.00002000000516,83.97502000000198,97.97502000000516,83.87502000000195,87.5,7000.0,0.0,7000.0,80.0,80.0,7839,560,7000.0,0.3410019169999998
scale,B10_N50_p2p1,50,140.0,0.25,p2p,1,10.0,10.0,10.0,1000000000.0,1000000000.0,1000000000.0,1000000000.0,10,local,2e-05,1,fixed,0,1.0,1000000000.0,15.226000000002712,14.61301000000272,15.164701000002713,14.000020000002731,14.0,140.00000000001623,6860.000000188677,699.9999999991155,10.0,500.0,28608,560,7000.0,2.630461542
scale,B10_N50_single1,50,140.0,0.25,single,1,10.0,10.0,10.0,1000000000.0,1000000000.0,1000000000.0,1000000000.0,10,local,2e-05,1,fixed,0,1.0,1000000000.0,700.0000199996372,699.3875199996378,699.9387699996372,698.7750199996383,700.0,7000.0,0.0,7000.0,10.0,10.0,55999,560,7000.0,1.653694542
scale,B10_N8_multi4,8,140.0,0.25,multi,4,10.0,10.0,10.0,1000000000.0,1000000000.0,1000000000.0,1000000000.0,10,local,2e-05,1,fixed,0,1.0,1000000000.0,28.000019999999477,27.987519999999478,28.000019999999477,27.97501999999948,28.0,1120.0,0.0,1120.0,40.0,40.0,2239,560,1120.0,0.18014941700000003
scale,B10_N8_multi8,8,140.0,0.25,multi,8,10.0,10.0,10.0,1000000000.0,1000000000.0,1000000000.0,1000000000.0,10,local,2e-05,1,fixed,0,1.0,1000000000.0,14.00002000000013,14.00002000000013,14.00002000000013,14.00002000000013,14.0,1120.0,0.0,1120.0,80.0,80.0,1119,560,1120.0,0.12190679099999996
scale,B10_N8_p2p1,8,140.0,0.25,p2p,1,10.0,10.0,10.0,1000000000.0,1000000000.0,1000000000.0,1000000000.0,10,local,2e-05,1,fixed,0,1.0,1000000000.0,14.175160000000384,14.087590000000386,14.166403000000384,14.000020000000386,14.0,140.00000000000279,979.9999999994367,140.00000000000279,10.0,80.0,5046,560,1120.0,0.20082179099999997
scale,B10_N8_single1,8,140.0,0.25,single,1,10.0,10.0,10.0,1000000000.0,1000000000.0,1000000000.0,1000000000.0,10,local,2e-05,1,fixed,0,1.0,1000000000.0,112.00002000000835,111.91252000000833,111.99127000000834,111.82502000000831,112.0,1120.0,0.0,1120.0,10.0,10.0,8959,560,1120.0,0.3688396669999999
scale,B40_N100_multi4,100,140.0,0.25,multi,4,40.0,40.0,40.0,1000000000.0,1000000000.0,1000000000.0,1000000000.0,10,local,2e-05,1,fixed,0,1.0,1000000000.0,87.5000199999889,87.42501999998896,87.4937699999889,87.35001999998903,87.5,14000.0,0.0,14000.0,160.0,160.0,27999,560,14000.0,1.0610429590000008
scale,B40_N100_multi8,100,140.0,0.25,multi,8,40.0,40.0,40.0,1000000000.0,1000000000.0,1000000000.0,1000000000.0,10,local,2e-05,1,fixed,0,1.0,1000000000.0,45.50002000000606,45.42502000000604,45.49377000000606,41.93127000000525,43.75,14000.0,0.0,14000.0,320.0,320.0,14559,560,14000.0,0.6753550419999996
scale,B40_N100_p2p1,100,140.0,0.25,p2p,1,40.0,40.0,40.0,1000000000.0,1000000000.0,1000000000.0,1000000000.0,10,local,2e-05,1,fixed,0,1.0,1000000000.0,4.120750000006458,3.810385000006193,4.0897135000064555,3.500020000005388,3.5,140.0000000000614,13859.99999910738,1400.0000000079044,40.0,4000.0,56658,560,14000.0,8.752777292
scale,B40_N100_single1,100,140.0,0.25,single,1,40.0,40.0,40.0,1000000000.0,1000000000.0,1000000000.0,1000000000.0,10,local,2e-05,1,fixed,0,1.0,1000000000.0,350.0000200001776,349.69064500017646,349.9690825001775,349.38127000017533,350.0,14000.0,0.0,14000.0,40.0,40.0,111999,560,14000.0,3.455152667
scale,B40_N16_multi4,16,140.0,0.25,multi,4,40.0,40.0,40.0,1000000000.0,1000000000.0,1000000000.0,1000000000.0,10,local,2e-05,1,fixed,0,1.0,1000000000.0,14.000019999999472,13.990644999999471,14.000019999999472,13.981269999999473,14.0,2240.0,0.0,2240.0,160.0,160.0,4479,560,2240.0,0.15252125000000039
scale,B40_N16_multi8,16,140.0,0.25,multi,8,40.0,40.0,40.0,1000000000.0,1000000000.0,1000000000.0,1000000000.0,10,local,2e-05,1,fixed,0,1.0,1000000000.0,7.00001999999987,6.99689499999987,7.00001999999987,6.99376999999987,7.0,2240.0,0.0,2240.0,320.0,320.0,2239,560,2240.0,0.09620299999999915
scale,B40_N16_p2p1,16,140.0,0.25,p2p,1,40.0,40.0,40.0,1000000000.0,1000000000.0,1000000000.0,1000000000.0,10,local,2e-05,1,fixed,0,1.0,1000000000.0,3.5940700000008534,3.5470450000008484,3.5893675000008534,3.5000200000008315,3.5,140.00000000000924,2100.0000000027267,279.9999999999773,40.0,640.0,9534,560,2240.0,0.45448237499999955
scale,B40_N16_single1,16,140.0,0.25,single,1,40.0,40.0,40.0,1000000000.0,1000000000.0,1000000000.0,1000000000.0,10,local,2e-05,1,fixed,0,1.0,1000000000.0,56.00002000000845,55.95314500000843,55.995332500008445,55.906270000008426,56.0,2240.0,0.0,2240.0,40.0,40.0,17919,560,2240.0,0.49451945900000016
scale,B40_N1_p2p1,1,140.0,0.25,p2p,1,40.0,40.0,40.0,1000000000.0,1000000000.0,1000000000.0,1000000000.0,10,local,2e-05,1,fixed,0,1.0,1000000000.0,3.500020000000033,3.500020000000033,3.500020000000033,3.500020000000033,3.5,140.0,0.0,140.0,40.0,40.0,1119,560,140.0,0.030270707999999757
scale,B40_N1_single1,1,140.0,0.25,single,1,40.0,40.0,40.0,1000000000.0,1000000000.0,1000000000.0,1000000000.0,10,local,2e-05,1,fixed,0,1.0,1000000000.0,3.500020000000033,3.500020000000033,3.500020000000033,3.500020000000033,3.5,140.0,0.0,140.0,40.0,40.0,1119,560,140.0,0.031293125000000366
scale,B40_N32_multi4,32,140.0,0.25,multi,4,40.0,40.0,40.0,1000000000.0,1000000000.0,1000000000.0,1000000000.0,10,local,2e-05,1,fixed,0,1.0,1000000000.0,28.000020000002085,27.97814500000208,28.000020000002085,27.956270000002075,28.0,4480.0,0.0,4480.0,160.0,160.0,8959,560,4480.0,0.31240729099999953
scale,B40_N32_multi8,32,140.0,0.25,multi,8,40.0,40.0,40.0,1000000000.0,1000000000.0,1000000000.0,1000000000.0,10,local,2e-05,1,fixed,0,1.0,1000000000.0,14.000019999999472,13.990644999999471,14.000019999999472,13.981269999999473,14.0,4480.0,0.0,4480.0,320.0,320.0,4479,560,4480.0,0.20113216699999992
scale,B40_N32_p2p1,32,140.0,0.25,p2p,1,40.0,40.0,40.0,1000000000.0,1000000000.0,1000000000.0,1000000000.0,10,local,2e-05,1,fixed,0,1.0,1000000000.0,3.6943900000018375,3.597205000001814,3.6846715000018375,3.5000200000017374,3.5,140.00000000001847,4339.999999949185,559.9999999993271,40.0,1280.0,18510,560,4480.0,1.270511708
scale,B40_N32_single1,32,140.0,0.25,single,1,40.0,40.0,40.0,1000000000.0,1000000000.0,1000000000.0,1000000000.0,10,local,2e-05,1,fixed,0,1.0,1000000000.0,112.00001999996661,111.9031449999667,111.99033249996661,111.80626999996679,112.0,4480.0,0.0,4480.0,40.0,40.0,35839,560,4480.0,1.0057486670000007
scale,B40_N50_multi4,50,140.0,0.25,multi,4,40.0,40.0,40.0,1000000000.0,1000000000.0,1000000000.0,1000000000.0,10,local,2e-05,1,fixed,0,1.0,1000000000.0,45.50002000000606,45.42502000000604,45.49377000000606,41.93127000000525,43.75,7000.0,0.0,7000.0,160.0,160.0,14559,560,7000.0,0.5233537500000001
scale,B40_N50_multi8,50,140.0,0.25,multi,8,40.0,40.0,40.0,1000000000.0,1000000000.0,1000000000.0,1000000000.0,10,local,2e-05,1,fixed,0,1.0,1000000000.0,24.50002000000129,20.99377000000049,24.493770000001287,20.968770000000486,21.875,7000.0,0.0,7000.0,320.0,320.0,7839,560,7000.0,0.3399293339999998
scale,B40_N50_p2p1,50,140.0,0.25,p2p,1,40.0,40.0,40.0,1000000000.0,1000000000.0,1000000000.0,1000000000.0,10,local,2e-05,1,fixed,0,1.0,1000000000.0,3.8072500000028726,3.653635000002811,3.791888500002872,3.5000200000026167,3.5,140.00000000002848,6859.99999982192,699.9999999997017,40.0,2000.0,28608,560,7000.0,2.636846125
scale,B40_N50_single1,50,140.0,0.25,single,1,40.0,40.0,40.0,1000000000.0,1000000000.0,1000000000.0,1000000000.0,10,local,2e-05,1,fixed,0,1.0,1000000000.0,175.0000199999093,174.84689499990947,174.98470749990932,174.6937699999096,175.0,7000.0,0.0,7000.0,40.0,40.0,55999,560,7000.0,1.6495896669999999
scale,B40_N8_multi4,8,140.0,0.25,multi,4,40.0,40.0,40.0,1000000000.0,1000000000.0,1000000000.0,1000000000.0,10,local,2e-05,1,fixed,0,1.0,1000000000.0,7.00001999999987,6.99689499999987,7.00001999999987,6.99376999999987,7.0,1120.0,0.0,1120.0,160.0,160.0,2239,560,1120.0,0.07744266700000013
scale,B40_N8_multi8,8,140.0,0.25,multi,8,40.0,40.0,40.0,1000000000.0,1000000000.0,1000000000.0,1000000000.0,10,local,2e-05,1,fixed,0,1.0,1000000000.0,3.500020000000033,3.500020000000033,3.500020000000033,3.500020000000033,3.5,1120.0,0.0,1120.0,320.0,320.0,1119,560,1120.0,0.04825320899999985
scale,B40_N8_p2p1,8,140.0,0.25,p2p,1,40.0,40.0,40.0,1000000000.0,1000000000.0,1000000000.0,1000000000.0,10,local,2e-05,1,fixed,0,1.0,1000000000.0,3.5439100000003827,3.5219650000003817,3.541715500000383,3.5000200000003785,3.5,140.00000000000117,980.0000000002149,140.00000000000117,40.0,320.0,5046,560,1120.0,0.18610858300000022
scale,B40_N8_single1,8,140.0,0.25,single,1,40.0,40.0,40.0,1000000000.0,1000000000.0,1000000000.0,1000000000.0,10,local,2e-05,1,fixed,0,1.0,1000000000.0,28.000020000002085,27.97814500000208,27.997832500002083,27.956270000002075,28.0,1120.0,0.0,1120.0,40.0,40.0,8959,560,1120.0,0.24388804200000003
size,size_140_p2p,100,140.0,0.25,p2p,1,10.0,10.0,10.0,1000000000.0,1000000000.0,1000000000.0,1000000000.0,10,local,2e-05,1,fixed,0,1.0,1000000000.0,16.47700000000415,15.238510000004204,16.35315100000416,14.000020000004223,14.0,140.00000000004303,13860.00000147864,1399.999999985743,10.0,1000.0,56658,560,14000.0,8.683763374999998
size,size_140_single,100,140.0,0.25,single,1,10.0,10.0,10.0,1000000000.0,1000000000.0,1000000000.0,1000000000.0,10,local,2e-05,1,fixed,0,1.0,1000000000.0,1400.0000200007103,1398.7625200007058,1399.8762700007098,1397.5250200007013,1400.0,14000.0,0.0,14000.0,10.0,10.0,111999,560,14000.0,3.4520466669999905
size,size_14_p2p,100,14.0,0.25,p2p,1,10.0,10.0,10.0,1000000000.0,1000000000.0,1000000000.0,1000000000.0,10,local,2e-05,1,fixed,0,1.0,1000000000.0,3.877000000000329,2.6385100000002364,3.7531510000003285,1.4000200000000058,1.4,14.00000000000017,1385.9999999924485,139.99999999995362,10.0,560.0,5754,56,1400.0,0.5067031659999941
size,size_14_single,100,14.0,0.25,single,1,10.0,10.0,10.0,1000000000.0,1000000000.0,1000000000.0,1000000000.0,10,local,2e-05,1,fixed,0,1.0,1000000000.0,140.0000200000147,138.76252000001443,139.87627000001467,137.52502000001414,140.0,1400.0,0.0,1400.0,10.0,10.0,11199,56,1400.0,0.3442982910000012
size,size_280_p2p,100,280.0,0.25,p2p,1,10.0,10.0,10.0,1000000000.0,1000000000.0,1000000000.0,1000000000.0,10,local,2e-05,1,fixed,0,1.0,1000000000.0,30.477000000003354,29.238510000003462,30.353151000003365,28.00002000000357,28.0,280.00000000083884,27719.99999577567,2799.9999999621296,10.0,1000.0,113218,1120,28000.0,17.22127470799998
size,size_280_single,100,280.0,0.25,single,1,10.0,10.0,10.0,1000000000.0,1000000000.0,1000000000.0,1000000000.0,10,local,2e-05,1,fixed,0,1.0,1000000000.0,2800.0000200058034,2798.762520005799,2799.876270005803,2797.5250200057944,2800.0,28000.0,0.0,28000.0,10.0,10.0,223999,1120,28000.0,6.838007291999986
size,size_70_p2p,100,70.0,0.25,p2p,1,10.0,10.0,10.0,1000000000.0,1000000000.0,1000000000.0,1000000000.0,10,local,2e-05,1,fixed,0,1.0,1000000000.0,9.477000000003951,8.23851000000397,9.353151000003953,7.00002000000345,7.0,69.99999999999135,6930.0000003262785,699.9999999979366,10.0,1000.0,28378,280,7000.0,4.1252226669999885
size,size_70_single,100,70.0,0.25,single,1,10.0,10.0,10.0,1000000000.0,1000000000.0,1000000000.0,1000000000.0,10,local,2e-05,1,fixed,0,1.0,1000000000.0,700.0000199996372,698.7625199996382,699.8762699996373,697.5250199996394,700.0,7000.0,0.0,7000.0,10.0,10.0,55999,280,7000.0,1.7304002500000024
slots,slots_1,100,140.0,0.25,p2p,1,10.0,10.0,10.0,1000000000.0,1000000000.0,1000000000.0,1000000000.0,10,local,2e-05,1,fixed,0,1.0,1000000000.0,16.47700000000415,15.238510000004204,16.35315100000416,14.000020000004223,14.0,140.00000000004303,13860.00000147864,1399.999999985743,10.0,1000.0,56658,560,14000.0,8.733070666999993
slots,slots_16,100,140.0,0.25,p2p,1,10.0,10.0,10.0,1000000000.0,1000000000.0,1000000000.0,1000000000.0,10,local,2e-05,16,fixed,0,1.0,1000000000.0,53.60199999999981,33.80100999999992,51.62190099999982,14.000020000000019,14.0,139.9999999999749,13860.000000245831,1399.9999999988074,10.0,350.0,3633,560,14000.0,2.409229625000009
slots,slots_4,100,140.0,0.25,p2p,1,10.0,10.0,10.0,1000000000.0,1000000000.0,1000000000.0,1000000000.0,10,local,2e-05,4,fixed,0,1.0,1000000000.0,23.902000000000257,18.951010000000224,23.406901000000254,14.000020000000225,14.0,140.00000000002802,13860.000000422897,1400.0000000061536,10.0,1000.0,14238,560,14000.0,6.0363704170000005
source,source_10_p2p,100,140.0,0.25,p2p,1,10.0,10.0,10.0,1000000000.0,1000000000.0,1000000000.0,1000000000.0,10,local,2e-05,100,fixed,0,1.0,1000000000.0,261.50200000000035,137.75101000000006,249.12690100000034,14.00002,14.0,139.9999999999997,13860.000000059106,1399.9999999996787,9.999999999999998,60.0,803,560,14000.0,0.6153709999999961
source,source_10_single,100,140.0,0.25,single,1,10.0,10.0,10.0,1000000000.0,1000000000.0,1000000000.0,1000000000.0,10,local,2e-05,100,fixed,0,1.0,1000000000.0,1400.00002,1400.00002,1400.00002,1400.00002,1400.0,13999.999999999976,0.0,13999.999999999976,9.99999999999998,9.999999999999998,1119,560,14000.0,0.27613200000000404
source,source_200_p2p,100,140.0,0.25,p2p,1,200.0,10.0,10.0,1000000000.0,1000000000.0,1000000000.0,1000000000.0,10,local,2e-05,100,fixed,0,1.0,1000000000.0,261.50200000000035,137.75101000000006,249.12690100000034,14.00002,14.0,139.9999999999997,13860.000000059106,1399.9999999996787,9.999999999999998,60.0,803,560,14000.0,0.6164542080000075
source,source_200_single,100,140.0,0.25,single,1,200.0,10.0,10.0,1000000000.0,1000000000.0,1000000000.0,1000000000.0,10,local,2e-05,100,fixed,0,1.0,1000000000.0,70.00002,70.00002,70.00002,70.00002,70.0,13999.999999999969,0.0,13999.999999999969,200.0,200.0,1119,560,14000.0,0.2753479590000012
source,source_21.25_p2p,100,140.0,0.25,p2p,1,21.25,10.0,10.0,1000000000.0,1000000000.0,1000000000.0,1000000000.0,10,local,2e-05,100,fixed,0,1.0,1000000000.0,261.50200000000035,137.75101000000006,249.12690100000034,14.00002,14.0,139.9999999999997,13860.000000059106,1399.9999999996787,9.999999999999998,60.0,803,560,14000.0,0.6131632080000031
source,source_21.25_single,100,140.0,0.25,single,1,21.25,10.0,10.0,1000000000.0,1000000000.0,1000000000.0,1000000000.0,10,local,2e-05,100,fixed,0,1.0,1000000000.0,658.823549411762,658.823549411762,658.823549411762,658.823549411762,658.8235294117648,14000.00000000001,0.0,14000.00000000001,21.249999999999982,21.24999999999999,1119,560,14000.0,0.27442558299999575
source,source_40_p2p,100,140.0,0.25,p2p,1,40.0,10.0,10.0,1000000000.0,1000000000.0,1000000000.0,1000000000.0,10,local,2e-05,100,fixed,0,1.0,1000000000.0,261.50200000000035,137.75101000000006,249.12690100000034,14.00002,14.0,139.9999999999997,13860.000000059106,1399.9999999996787,9.999999999999998,60.0,803,560,14000.0,0.6202232499999951
source,source_40_single,100,140.0,0.25,single,1,40.0,10.0,10.0,1000000000.0,1000000000.0,1000000000.0,1000000000.0,10,local,2e-05,100,fixed,0,1.0,1000000000.0,350.00002,350.00002,350.00002,350.00002,350.0,13999.99999999997,0.0,13999.99999999997,39.99999999999992,39.99999999999999,1119,560,14000.0,0.27320166699999504
source,source_5_p2p,100,140.0,0.25,p2p,1,5.0,10.0,10.0,1000000000.0,1000000000.0,1000000000.0,1000000000.0,10,local,2e-05,100,fixed,0,1.0,1000000000.0,274.0020000000034,150.25101000000066,261.6269010000034,28.00001999999998,28.0,139.999999999987,13860.00000011523,1399.9999999996276,4.999999999999999,60.0,1199,560,14000.0,0.9008554159999989
source,source_5_single,100,140.0,0.25,single,1,5.0,10.0,10.0,1000000000.0,1000000000.0,1000000000.0,1000000000.0,10,local,2e-05,100,fixed,0,1.0,1000000000.0,2800.00002,2800.00002,2800.00002,2800.00002,2800.0,13999.999999999995,0.0,13999.999999999995,4.99999999999999,4.999999999999999,1119,560,14000.0,0.2759893330000125
source,source_80_p2p,100,140.0,0.25,p2p,1,80.0,10.0,10.0,1000000000.0,1000000000.0,1000000000.0,1000000000.0,10,local,2e-05,100,fixed,0,1.0,1000000000.0,261.50200000000035,137.75101000000006,249.12690100000034,14.00002,14.0,139.9999999999997,13860.000000059106,1399.9999999996787,9.999999999999998,60.0,803,560,14000.0,0.6207820829999946
source,source_80_single,100,140.0,0.25,single,1,80.0,10.0,10.0,1000000000.0,1000000000.0,1000000000.0,1000000000.0,10,local,2e-05,100,fixed,0,1.0,1000000000.0,175.00002,175.00002,175.00002,175.00002,175.0,14000.000000000002,0.0,14000.000000000002,79.99999999999984,79.99999999999999,1119,560,14000.0,0.2732015830000023
source_tuned,source_10_p2p_window1,100,140.0,0.25,p2p,1,10.0,10.0,10.0,1000000000.0,1000000000.0,1000000000.0,1000000000.0,10,local,2e-05,1,fixed,0,1.0,1000000000.0,16.47700000000415,15.238510000004204,16.35315100000416,14.000020000004223,14.0,140.00000000004303,13860.00000147864,1399.999999985743,10.0,1000.0,56658,560,14000.0,9.492511167
source_tuned,source_200_p2p_window1,100,140.0,0.25,p2p,1,200.0,10.0,10.0,1000000000.0,1000000000.0,1000000000.0,1000000000.0,10,local,2e-05,1,fixed,0,1.0,1000000000.0,16.47700000000415,15.238510000004204,16.35315100000416,14.000020000004223,14.0,140.00000000004303,13860.00000147864,1399.999999985743,10.0,1000.0,56658,560,14000.0,9.276441125
source_tuned,source_21.25_p2p_window1,100,140.0,0.25,p2p,1,21.25,10.0,10.0,1000000000.0,1000000000.0,1000000000.0,1000000000.0,10,local,2e-05,1,fixed,0,1.0,1000000000.0,16.47700000000415,15.238510000004204,16.35315100000416,14.000020000004223,14.0,140.00000000004303,13860.00000147864,1399.999999985743,10.0,1000.0,56658,560,14000.0,9.429160583
source_tuned,source_40_p2p_window1,100,140.0,0.25,p2p,1,40.0,10.0,10.0,1000000000.0,1000000000.0,1000000000.0,1000000000.0,10,local,2e-05,1,fixed,0,1.0,1000000000.0,16.47700000000415,15.238510000004204,16.35315100000416,14.000020000004223,14.0,140.00000000004303,13860.00000147864,1399.999999985743,10.0,1000.0,56658,560,14000.0,9.428212291000001
source_tuned,source_5_p2p_window1,100,140.0,0.25,p2p,1,5.0,10.0,10.0,1000000000.0,1000000000.0,1000000000.0,1000000000.0,10,local,2e-05,1,fixed,0,1.0,1000000000.0,30.476999999999414,29.238509999999522,30.353150999999425,28.00001999999963,28.0,140.00000000041194,13860.000001485436,1399.999999985898,5.0,505.0,111998,560,14000.0,13.077161041
source_tuned,source_80_p2p_window1,100,140.0,0.25,p2p,1,80.0,10.0,10.0,1000000000.0,1000000000.0,1000000000.0,1000000000.0,10,local,2e-05,1,fixed,0,1.0,1000000000.0,16.47700000000415,15.238510000004204,16.35315100000416,14.000020000004223,14.0,140.00000000004303,13860.00000147864,1399.999999985743,10.0,1000.0,56658,560,14000.0,9.282771125
topology,random_0,100,140.0,0.25,p2p,1,10.0,10.0,10.0,1000000000.0,1000000000.0,1000000000.0,2.0,10,random,2e-05,1,fixed,0,1.0,1000000000.0,725.3109951246089,706.3834085870662,724.6921461246092,632.2630719596709,14.0,140.0000000000865,13859.999999940224,12459.999999984979,2.0,58.6888888888889,111782,560,14000.0,28.185188167000007
topology,random_1,100,140.0,0.25,p2p,1,10.0,10.0,10.0,1000000000.0,1000000000.0,1000000000.0,2.0,10,random,2e-05,1,fixed,1,1.0,1000000000.0,722.8904001876622,706.5218330049644,722.3715511876625,285.1018688541786,14.0,140.00000000000284,13859.99999993897,12879.999999999221,2.0000000000000004,49.63333333333334,110426,560,14000.0,26.486903792000007
topology,random_2,100,140.0,0.25,p2p,1,10.0,10.0,10.0,1000000000.0,1000000000.0,1000000000.0,2.0,10,random,2e-05,1,fixed,2,1.0,1000000000.0,712.2300814924898,697.3446259494187,711.7112324924899,312.60366078409317,14.0,140.0000000000058,13859.999999981866,12180.00000000021,2.0000000000000004,67.27976190476191,111917,560,14000.0,28.092129041999996
topology,random_3,100,140.0,0.25,p2p,1,10.0,10.0,10.0,1000000000.0,1000000000.0,1000000000.0,2.0,10,random,2e-05,1,fixed,3,1.0,1000000000.0,732.7668818737268,714.2577001752902,732.0154628501572,279.0069164032916,14.0,140.0000000000011,13859.999999820146,13159.999999871481,2.000000000000001,59.50666666666667,111582,560,14000.0,28.960642832999994
topology,random_4,100,140.0,0.25,p2p,1,10.0,10.0,10.0,1000000000.0,1000000000.0,1000000000.0,2.0,10,random,2e-05,1,fixed,4,1.0,1000000000.0,735.0414781059376,704.3852531071725,734.2421941900601,202.1225999096452,14.0,140.00000000000227,13859.999999892578,13019.999999935855,2.0000000000000004,49.2936507936508,111705,560,14000.0,28.609785166999984
